<?xml version="1.0" encoding="UTF-8"?>
<!-- generated by: Pedro Paulo Vezza Campos based on the DAG described in

H. Topcuoglu, S. Hariri e Min-You Wu. Performance-effective and low-complexity task
scheduling for heterogeneous computing. Parallel and Distributed Systems, IEEE Tran-
sactions on, 13(3):260–274, 2002. -->
<adag xmlns="http://pegasus.isi.edu/schema/DAX" xmlns:xsi="http://www.w3.org/2001/XMLSchema-instance" xsi:schemaLocation="http://pegasus.isi.edu/schema/DAX http://pegasus.isi.edu/schema/dax-2.1.xsd" version="2.1" count="1" index="0" name="test" jobCount="25" fileCount="0" childCount="20">
<!-- part 1: list of all referenced files (may be empty) -->
<!-- part 2: definition of all jobs (at least one) -->
  <job id="ID00001" namespace="HEFT" name="heft_task" version="1.0" runtime="4">
    <uses file="heft_file_1_2" link="output" register="true" transfer="true" optional="false" type="data" size="2250"/>
  </job>

  <job id="ID00002" namespace="HEFT" name="heft_task" version="1.0" runtime="4">
    <uses file="heft_file_1_2" link="input" register="true" transfer="true" optional="false" type="data" size="2250"/>
  </job>

  <job id="ID00003" namespace="HEFT" name="heft_task" version="1.0" runtime="4">
    <uses file="heft_file_1_3" link="input" register="true" transfer="true" optional="false" type="data" size="1500"/>
  </job>

  <job id="ID00004" namespace="HEFT" name="heft_task" version="1.0" runtime="4">
    <uses file="heft_file_1_4" link="input" register="true" transfer="true" optional="false" type="data" size="1125"/>
      </job>

<!-- part 3: list of control-flow dependencies (may be empty) -->
  <child ref="ID00002">
    <parent ref="ID00001"/>
  </child>

  <child ref="ID00003">
    <parent ref="ID00001"/>
  </child>

  <child ref="ID00004">
    <parent ref="ID00002"/>
	<parent ref="ID00003"/>
  </child>

</adag>
