<?xml version="1.0" encoding="UTF-8"?>
<!-- generated by: Pedro Paulo Vezza Campos based on the DAG described in

H. Topcuoglu, S. Hariri e Min-You Wu. Performance-effective and low-complexity task
scheduling for heterogeneous computing. Parallel and Distributed Systems, IEEE Tran-
sactions on, 13(3):260–274, 2002. -->
<adag xmlns="http://pegasus.isi.edu/schema/DAX" xmlns:xsi="http://www.w3.org/2001/XMLSchema-instance" xsi:schemaLocation="http://pegasus.isi.edu/schema/DAX http://pegasus.isi.edu/schema/dax-2.1.xsd" version="2.1" count="1" index="0" name="test" jobCount="25" fileCount="0" childCount="20">
<!-- part 1: list of all referenced files (may be empty) -->
<!-- part 2: definition of all jobs (at least one) -->
  <job id="ID00001" namespace="HEFT" name="heft_task" version="1.0" runtime="140">
    <uses file="heft_file_1_2" link="output" register="true" transfer="true" optional="false" type="data" size="2250"/>
    <uses file="heft_file_1_3" link="output" register="true" transfer="true" optional="false" type="data" size="1500"/>
    <uses file="heft_file_1_4" link="output" register="true" transfer="true" optional="false" type="data" size="1125"/>
    <uses file="heft_file_1_5" link="output" register="true" transfer="true" optional="false" type="data" size="1375"/>
    <uses file="heft_file_1_6" link="output" register="true" transfer="true" optional="false" type="data" size="1750"/>
  </job>

  <job id="ID00002" namespace="HEFT" name="heft_task" version="1.0" runtime="130">
    <uses file="heft_file_1_2" link="input" register="true" transfer="true" optional="false" type="data" size="2250"/>
    <uses file="heft_file_2_8" link="output" register="true" transfer="true" optional="false" type="data" size="2375"/>
    <uses file="heft_file_2_9" link="output" register="true" transfer="true" optional="false" type="data" size="2000"/>
  </job>

  <job id="ID00003" namespace="HEFT" name="heft_task" version="1.0" runtime="110">
    <uses file="heft_file_1_3" link="input" register="true" transfer="true" optional="false" type="data" size="1500"/>
    <uses file="heft_file_3_7" link="output" register="true" transfer="true" optional="false" type="data" size="2500"/>
  </job>

  <job id="ID00004" namespace="HEFT" name="heft_task" version="1.0" runtime="130">
    <uses file="heft_file_1_4" link="input" register="true" transfer="true" optional="false" type="data" size="1125"/>
    <uses file="heft_file_4_8" link="output" register="true" transfer="true" optional="false" type="data" size="3375"/>
    <uses file="heft_file_4_9" link="output" register="true" transfer="true" optional="false" type="data" size="2875"/>
  </job>

  <job id="ID00005" namespace="HEFT" name="heft_task" version="1.0" runtime="120">
    <uses file="heft_file_1_5" link="input" register="true" transfer="true" optional="false" type="data" size="1375"/>
    <uses file="heft_file_5_9" link="output" register="true" transfer="true" optional="false" type="data" size="1625"/>
  </job>

  <job id="ID00006" namespace="HEFT" name="heft_task" version="1.0" runtime="130">
    <uses file="heft_file_1_6" link="input" register="true" transfer="true" optional="false" type="data" size="1750"/>
    <uses file="heft_file_6_8" link="output" register="true" transfer="true" optional="false" type="data" size="1875"/>
  </job>

  <job id="ID00007" namespace="HEFT" name="heft_task" version="1.0" runtime="70">
    <uses file="heft_file_3_7" link="input" register="true" transfer="true" optional="false" type="data" size="2500"/>
    <uses file="heft_file_7_10" link="output" register="true" transfer="true" optional="false" type="data" size="2125"/>
  </job>

  <job id="ID00008" namespace="HEFT" name="heft_task" version="1.0" runtime="50">
    <uses file="heft_file_2_8" link="input" register="true" transfer="true" optional="false" type="data" size="2375"/>
    <uses file="heft_file_4_8" link="input" register="true" transfer="true" optional="false" type="data" size="3375"/>
    <uses file="heft_file_6_8" link="input" register="true" transfer="true" optional="false" type="data" size="1875"/>
    <uses file="heft_file_8_10" link="output" register="true" transfer="true" optional="false" type="data" size="1375"/>
  </job>

  <job id="ID00009" namespace="HEFT" name="heft_task" version="1.0" runtime="180">
    <uses file="heft_file_2_9" link="input" register="true" transfer="true" optional="false" type="data" size="2000"/>
    <uses file="heft_file_4_9" link="input" register="true" transfer="true" optional="false" type="data" size="2875"/>
    <uses file="heft_file_5_9" link="input" register="true" transfer="true" optional="false" type="data" size="1625"/>
    <uses file="heft_file_9_10" link="output" register="true" transfer="true" optional="false" type="data" size="1625"/>
  </job>

  <job id="ID00010" namespace="HEFT" name="heft_task" version="1.0" runtime="210">
    <uses file="heft_file_7_10" link="input" register="true" transfer="true" optional="false" type="data" size="2125"/>
    <uses file="heft_file_8_10" link="input" register="true" transfer="true" optional="false" type="data" size="1375"/>
    <uses file="heft_file_9_10" link="input" register="true" transfer="true" optional="false" type="data" size="1625"/>
  </job>

<!-- part 3: list of control-flow dependencies (may be empty) -->
  <child ref="ID00002">
    <parent ref="ID00001"/>
  </child>

  <child ref="ID00003">
    <parent ref="ID00001"/>
  </child>

  <child ref="ID00004">
    <parent ref="ID00001"/>
  </child>

  <child ref="ID00005">
    <parent ref="ID00001"/>
  </child>

  <child ref="ID00006">
    <parent ref="ID00001"/>
  </child>

  <child ref="ID00007">
    <parent ref="ID00003"/>
  </child>

  <child ref="ID00008">
    <parent ref="ID00002"/>
    <parent ref="ID00004"/>
    <parent ref="ID00006"/>
  </child>

  <child ref="ID00009">
    <parent ref="ID00002"/>
    <parent ref="ID00004"/>
    <parent ref="ID00005"/>
  </child>

  <child ref="ID00010">
    <parent ref="ID00007"/>
    <parent ref="ID00008"/>
    <parent ref="ID00009"/>
  </child>

</adag>
